{
    "RMSE": 0.5112512231929546,
    "R_sqr": 0.546138170738024
}