{
    "RMSE": 0.5053074880957207,
    "R_sqr": 0.5566298945791399
}