{
    "RMSE": 0.33940785687749225,
    "R_sqr": 0.7104783866025295
}