{
    "RMSE": 0.313851506212755,
    "R_sqr": 0.69513870954988
}