{
    "RMSE": 0.3239029449882069,
    "R_sqr": 0.6752989876923225
}