{
    "RMSE": 0.3812750146371127,
    "R_sqr": 0.6346459716885884
}