{
    "RMSE": 0.3426710453478996,
    "R_sqr": 0.704884495836666
}